Name,Alpha3Code
Afghanistan,AFG
Ägypten,EGY
Åland,ALA
Albanien,ALB
Algerien,DZA
Amerikanisch-Samoa,ASM
Amerikanische Jungferninseln,VIR
Andorra,AND
Angola,AGO
Anguilla,AIA
Antarktis (Sonderstatus durch Antarktisvertrag),ATA
Antigua und Barbuda,ATG
Äquatorialguinea,GNQ
Argentinien,ARG
Armenien,ARM
Aruba,ABW
Ascension,ASC
Aserbaidschan,AZE
Äthiopien,ETH
Australien,AUS
Bahamas,BHS
Bahrain,BHR
Bangladesch,BGD
Barbados,BRB
Belarus,BLR
Belgien,BEL
Belize,BLZ
Benin,BEN
Bermuda,BMU
Bhutan,BTN
Bolivien,BOL
Bonaire Saba und Sint Eustatius,BES
Bosnien und Herzegowina,BIH
Botswana,BWA
Bouvetinsel,BVT
Brasilien,BRA
Britische Jungferninseln,VGB
Britisches Territorium im Indischen Ozean,IOT
Brunei,BRN
Bulgarien,BGR
Burkina Faso,BFA
Burundi,BDI
Chile,CHL
Volksrepublik China,CHN
Cookinseln,COK
Costa Rica,CRI
Curaçao,CUW
Dänemark,DNK
Deutschland,DEU
Dominica,DMA
Dominikanische Republik,DOM
Dschibuti,DJI
Ecuador,ECU
Elfenbeinküste (Côte d’Ivoire),CIV
El Salvador,SLV
Eritrea,ERI
Estland,EST
Eswatini,SWZ
Falklandinseln,FLK
Färöer,FRO
Fidschi,FJI
Finnland,FIN
Frankreich,FRA
Französisch-Guayana,GUF
Französisch-Polynesien,PYF
Französische Süd- und Antarktisgebiete,ATF
Gabun,GAB
Gambia,GMB
Georgien,GEO
Ghana,GHA
Gibraltar,GIB
Grenada,GRD
Griechenland,GRC
Grönland,GRL
Guadeloupe,GLP
Guam,GUM
Guatemala,GTM
Guernsey (Kanalinsel),GGY
Guinea,GIN
Guinea-Bissau,GNB
Guyana,GUY
Haiti,HTI
Australien Heard und McDonaldinseln,HMD
Honduras,HND
Hongkong,HKG
Indien,IND
Indonesien,IDN
Isle of Man,IMN
Irak,IRQ
Iran,IRN
Irland,IRL
Island,ISL
Israel,ISR
Italien,ITA
Jamaika,JAM
Japan,JPN
Jemen,YEM
Jersey (Kanalinsel),JEY
Jordanien,JOR
Cayman Islands (Kaimaninseln),CYM
Kambodscha,KHM
Kamerun,CMR
Kanada,CAN
Kap Verde (Cabo Verde),CPV
Kasachstan,KAZ
Katar,QAT
Kenia,KEN
Kirgisistan,KGZ
Kiribati,KIR
Kokosinseln,CCK
Kolumbien,COL
Komoren,COM
Demokratische Republik Kongo (ehem. Zaire),COD
Republik Kongo (ehem. Kongo-Brazzaville),COG
Nordkorea,PRK
Südkorea,KOR
Kosovo,KOS
Kroatien,HRV
Kuba,CUB
Kuwait,KWT
Laos,LAO
Lesotho,LSO
Lettland,LVA
Libanon,LBN
Liberia,LBR
Libyen,LBY
Liechtenstein,LIE
Litauen,LTU
Luxemburg,LUX
Macau,MAC
Madagaskar,MDG
Malawi,MWI
Malaysia,MYS
Malediven,MDV
Mali,MLI 
Malta,MLT 
Marokko,MAR 
Marshallinseln,MHL 
Martinique,MTQ 
Mauretanien,MRT 
Mauritius,MUS 
Mayotte,MYT 
Mexiko,MEX 
Föderierte Staaten von Mikronesien,FSM 
Moldau,MDA 
Monaco,MCO 
Mongolei,MNG 
Montenegro,MNE 
Montserrat,MSR 
Mosambik,MOZ 
Myanmar,MMR 
Namibia,NAM 
Nauru,NRU 
Nepal,NPL 
Neukaledonien,NCL 
Neuseeland,NZL 
Nicaragua,NIC 
Niederlande,NLD 
Niederländische Antillen (historisch),ANT 
Niger,NER 
Nigeria,NGA 
Niue,NIU 
Nördliche Marianen,MNP 
Nordmazedonien,MKD 
Norfolkinsel,NFK 
Norwegen,NOR 
Oman,OMN 
Österreich,AUT 
Osttimor (Timor-Leste),TLS
Pakistan,PAK 
Palästina,PSE 
Palau,PLW 
Panama,PAN 
Papua-Neuguinea,PNG 
Paraguay,PRY 
Peru,PER 
Philippinen,PHL 
Pitcairninseln,PCN 
Polen,POL 
Portugal,PRT 
Puerto Rico,PRI 
Réunion,REU 
Ruanda,RWA 
Rumänien,ROU
Russland,RUS 
Salomonen,SLB 
Saint-Barthélemy Saint-Barthélemy,BLM 
Saint-Martin (französischer Teil),MAF 
Sambia,ZMB 
Samoa,WSM 
San Marino,SMR 
São Tomé und Príncipe,STP 
Saudi-Arabien,SAU 
Schweden,SWE 
Schweiz (Confoederatio Helvetica),CHE 
Senegal,SEN 
Serbien,SRB 
Serbien und Montenegro (historisch),SCG[3] 
Seychellen,SYC 
Sierra Leone,SLE 
Simbabwe,ZWE 
Singapur,SGP 
Sint Maarten,SXM 
Slowakei,SVK 
Slowenien,SVN 
Somalia,SOM 
Spanien,ESP 
Sri Lanka,LKA 
St. Helena, Ascension und Tristan da Cunha,SHN 
St. Kitts und Nevis,KNA 
St. Lucia,LCA 
Saint-Pierre und Miquelon,SPM 
St. Vincent und die Grenadinen,VCT 
Südafrika,ZAF 
Sudan,SDN 
Südgeorgien und die Südlichen Sandwichinseln,SGS 
Südsudan,SSD 
Suriname,SUR 
Spitzbergen und Jan Mayen,SJM 
Syrien,SYR 
Tadschikistan,TJK 
Taiwan,TWN 
Tansania,TZA 
Thailand,THA 
Togo,TGO 
Tokelau,TKL 
Tonga,TON 
Trinidad und Tobago,TTO 
Tristan da Cunha (verwaltet von St. Helena reserviert für UPU),TAA 
Tschad,TCD 
Tschechien,CZE 
Tschechoslowakei (historisch),CSK[3] 
Tunesien,TUN 
Türkei,TUR 
Turkmenistan,TKM 
Turks- und Caicosinseln,TCA 
Tuvalu,TUV 
Uganda,UGA 
Ukraine,UKR 
Ungarn,HUN 
Vereinigte Staaten United States Minor Outlying Islands,UMI 
Uruguay,URY 
Usbekistan,UZB 
Vanuatu,VUT 
Vatikanstadt,VAT 
Venezuela,VEN 
Vereinigte Arabische Emirate,ARE 
Vereinigte Staaten,USA 
Vereinigtes Königreich,GBR
Großbritannien und Nordirland,GBR 
Vietnam,VNM 
Wallis und Futuna,WLF 
Weihnachtsinsel,CXR 
Westsahara,ESH 
Zentralafrikanische Republik,CAF 
Zypern,CYP